{"test_acc_scoren":0.917587732759391,"_wandb":{"runtime":1329},"test_precision_scoren":0.5643781094527364,"_timestamp":1.7338492378683088e+09,"train_acc_scoren":0.9219663847703939,"_step":16,"train_lossn":0.011785337701439857,"test_f1_scoren":0.44510711763321037,"train_precision_scoren":0.6110867659947414,"_runtime":1300.58316744,"train_f1_scoren":0.45517353933195515,"test_recall_scoren":0.3674527079554289,"test_lossn":0.012644750997424126,"train_recall_scoren":0.36264736477115117}