{"train_lossn":0.005665929988026619,"test_precision_scoren":0.6005066187285504,"test_acc_scoren":0.929161114370185,"test_recall_scoren":0.6347931242981775,"train_recall_scoren":0.6667389042995839,"test_f1_scoren":0.6171740499685072,"train_acc_scoren":0.9356982362571915,"train_precision_scoren":0.6356808578778268,"test_lossn":0.007280915509909391,"_timestamp":1.7338530742027028e+09,"_wandb":{"runtime":3793},"train_f1_scoren":0.6508395695057778,"_step":49,"_runtime":3738.140909925}