{"train_precision_scoren":0.6294757446494192,"_step":46,"train_f1_scoren":0.6797411687288752,"test_precision_scoren":0.6294757446494192,"test_recall_scoren":0.7387309292649098,"test_lossn":0.004890123847872019,"_wandb":{"runtime":3566},"test_acc_scoren":0.9374309097655972,"train_acc_scoren":0.9374309097655972,"test_f1_scoren":0.6797411687288752,"_runtime":3540.308271183,"_timestamp":1.7338477145575175e+09,"train_recall_scoren":0.7387309292649098,"train_lossn":0.004890123847872019}