{"test_precision_scoren":0.25,"train_lossn":0.008530274964869022,"_step":27,"_runtime":3.289311278,"test_lossn":0.021288864314556122,"test_f1_scoren":0.07058823529411765,"train_precision_scoren":0.8292682926829268,"_timestamp":1.73394113588188e+09,"_wandb":{"runtime":3},"test_recall_scoren":0.0410958904109589,"train_recall_scoren":0.5151515151515151,"train_f1_scoren":0.6355140186915887,"train_acc_scoren":0.946866485013624,"test_acc_scoren":0.8874643874643875}