{"test_recall_scoren":0.6626068929774553,"_timestamp":1.733943286789365e+09,"train_precision_scoren":0.7787040945546644,"test_precision_scoren":0.7237475233512596,"test_acc_scoren":0.9468999731935773,"_wandb":{"runtime":2053},"test_f1_scoren":0.6918290043290043,"train_f1_scoren":0.7479895479016963,"_runtime":2053.562141075,"test_lossn":0.007460888475179672,"train_recall_scoren":0.7196060159500693,"train_lossn":0.005652762018144131,"_step":27,"train_acc_scoren":0.9564153234956956}