{"_runtime":6197.317549134,"test_f1_scoren":0.6867115873191207,"test_precision_scoren":0.7029080548143458,"test_acc_scoren":0.9449069739433802,"test_lossn":0.006980462931096554,"train_acc_scoren":0.9504128126287452,"_timestamp":1.7338593756173108e+09,"train_f1_scoren":0.7204348900420064,"train_recall_scoren":0.7108291435506241,"_wandb":{"runtime":6212},"train_precision_scoren":0.7303038062052613,"_step":79,"test_recall_scoren":0.6712447093374795,"train_lossn":0.005726316478103399}